Iterações, Bubble Sort, Insertion Sort, Heap Sort, Merge Sort, Quick Sort, Radix Sort
1        , 1          , 0             , 0        , 0         , 1         , 156
2        , 2          , 3             , 2        , 4         , 5         , 193
3        , 4          , 7             , 5        , 10        , 9         , 230
4        , 6          , 13            , 11       , 16        , 12        , 267
5        , 10         , 20            , 15       , 24        , 16        , 304
6        , 13         , 27            , 22       , 32        , 20        , 342
7        , 17         , 36            , 27       , 40        , 24        , 379
8        , 21         , 44            , 37       , 48        , 28        , 416
9        , 27         , 56            , 43       , 58        , 34        , 453
10       , 33         , 68            , 53       , 68        , 38        , 490
11       , 38         , 79            , 60       , 78        , 42        , 527
12       , 43         , 91            , 69       , 88        , 47        , 564
13       , 54         , 110           , 78       , 98        , 51        , 601
14       , 60         , 125           , 87       , 108       , 57        , 638
15       , 67         , 139           , 97       , 118       , 63        , 675
16       , 76         , 158           , 108      , 128       , 66        , 712
17       , 87         , 178           , 117      , 140       , 73        , 749
18       , 101        , 205           , 127      , 152       , 73        , 787
19       , 109        , 224           , 138      , 164       , 83        , 824
20       , 114        , 234           , 150      , 176       , 92        , 860
21       , 125        , 256           , 159      , 188       , 93        , 898
22       , 142        , 290           , 171      , 200       , 98        , 935
23       , 155        , 317           , 178      , 212       , 106       , 972
24       , 163        , 334           , 193      , 224       , 113       , 1009
25       , 173        , 353           , 208      , 236       , 114       , 1046
26       , 189        , 387           , 217      , 248       , 120       , 1083
27       , 207        , 424           , 226      , 260       , 130       , 1120
28       , 221        , 448           , 239      , 272       , 130       , 1157
29       , 233        , 475           , 252      , 284       , 141       , 1194
30       , 247        , 502           , 266      , 296       , 143       , 1232
31       , 269        , 547           , 276      , 308       , 153       , 1268
32       , 282        , 574           , 290      , 320       , 160       , 1305
33       , 302        , 613           , 303      , 334       , 155       , 1342
34       , 313        , 636           , 317      , 348       , 166       , 1379
35       , 336        , 682           , 325      , 362       , 166       , 1416
36       , 351        , 713           , 341      , 376       , 180       , 1453
37       , 369        , 749           , 353      , 390       , 181       , 1490
38       , 394        , 799           , 368      , 404       , 187       , 1527
39       , 424        , 857           , 380      , 418       , 188       , 1565
40       , 427        , 863           , 397      , 432       , 200       , 1601
41       , 449        , 910           , 407      , 446       , 202       , 1638
42       , 479        , 973           , 420      , 460       , 207       , 1675
43       , 504        , 1018          , 435      , 474       , 215       , 1713
44       , 509        , 1031          , 447      , 488       , 237       , 1749
45       , 540        , 1092          , 458      , 502       , 229       , 1786
46       , 570        , 1152          , 476      , 516       , 239       , 1823
47       , 599        , 1211          , 489      , 530       , 242       , 1861
48       , 610        , 1233          , 505      , 544       , 250       , 1898
49       , 629        , 1272          , 517      , 558       , 254       , 1934
50       , 688        , 1389          , 526      , 572       , 262       , 1971
51       , 678        , 1371          , 548      , 586       , 271       , 2009
52       , 731        , 1475          , 558      , 600       , 279       , 2046
53       , 737        , 1486          , 572      , 614       , 275       , 2083
54       , 791        , 1596          , 587      , 628       , 289       , 2120
55       , 792        , 1599          , 601      , 642       , 290       , 2157
56       , 842        , 1698          , 615      , 656       , 293       , 2194
57       , 858        , 1729          , 627      , 670       , 304       , 2231
58       , 888        , 1791          , 640      , 684       , 318       , 2268
59       , 915        , 1843          , 659      , 698       , 331       , 2305
60       , 979        , 1970          , 679      , 712       , 321       , 2342
61       , 984        , 1982          , 687      , 726       , 333       , 2379
62       , 998        , 2011          , 706      , 740       , 348       , 2416
63       , 1038       , 2092          , 720      , 754       , 346       , 2452
64       , 1098       , 2208          , 733      , 768       , 348       , 2490
65       , 1142       , 2298          , 743      , 784       , 336       , 2527
66       , 1131       , 2278          , 764      , 800       , 356       , 2564
67       , 1189       , 2394          , 778      , 816       , 377       , 2601
68       , 1224       , 2464          , 793      , 832       , 369       , 2638
69       , 1263       , 2540          , 804      , 848       , 384       , 2675
70       , 1270       , 2555          , 828      , 864       , 390       , 2712
71       , 1312       , 2642          , 836      , 880       , 392       , 2749
72       , 1369       , 2758          , 853      , 896       , 412       , 2786
73       , 1401       , 2821          , 868      , 912       , 411       , 2823
74       , 1396       , 2808          , 889      , 928       , 414       , 2860
75       , 1498       , 3014          , 898      , 944       , 417       , 2897
76       , 1473       , 2964          , 919      , 960       , 432       , 2934
77       , 1559       , 3138          , 932      , 976       , 433       , 2971
78       , 1569       , 3156          , 953      , 992       , 425       , 3008
79       , 1596       , 3210          , 964      , 1008      , 445       , 3045
80       , 1673       , 3366          , 981      , 1024      , 468       , 3082
81       , 1685       , 3388          , 995      , 1040      , 463       , 3119
82       , 1780       , 3580          , 1011     , 1056      , 464       , 3157
83       , 1815       , 3649          , 1026     , 1072      , 451       , 3193
84       , 1823       , 3664          , 1044     , 1088      , 495       , 3230
85       , 1919       , 3857          , 1058     , 1104      , 486       , 3267
86       , 1935       , 3891          , 1073     , 1120      , 495       , 3304
87       , 1985       , 3988          , 1084     , 1136      , 501       , 3341
88       , 2009       , 4037          , 1108     , 1152      , 496       , 3378
89       , 2044       , 4108          , 1121     , 1168      , 600       , 3415
90       , 2087       , 4195          , 1138     , 1184      , 523       , 3452
91       , 2132       , 4283          , 1154     , 1200      , 520       , 3489
92       , 2129       , 4278          , 1176     , 1216      , 532       , 3526
93       , 2224       , 4468          , 1185     , 1232      , 547       , 3563
94       , 2282       , 4584          , 1204     , 1248      , 544       , 3600
95       , 2306       , 4633          , 1225     , 1264      , 553       , 3638
96       , 2340       , 4703          , 1244     , 1280      , 574       , 3674
97       , 2406       , 4833          , 1258     , 1296      , 553       , 3711
98       , 2452       , 4925          , 1272     , 1312      , 571       , 3748
99       , 2517       , 5056          , 1292     , 1328      , 600       , 3785
100      , 2567       , 5155          , 1300     , 1344      , 579       , 3822
101      , 2596       , 5212          , 1319     , 1360      , 597       , 3859
102      , 2677       , 5378          , 1331     , 1376      , 616       , 3896
103      , 2751       , 5521          , 1352     , 1392      , 607       , 3933
104      , 2780       , 5580          , 1371     , 1408      , 624       , 3971
105      , 2804       , 5632          , 1386     , 1424      , 611       , 4008
106      , 2889       , 5799          , 1399     , 1440      , 631       , 4045
107      , 2962       , 5945          , 1421     , 1456      , 650       , 4081
108      , 3056       , 6134          , 1434     , 1472      , 651       , 4119
109      , 2996       , 6011          , 1457     , 1488      , 636       , 4155
110      , 3149       , 6313          , 1471     , 1504      , 640       , 4193
111      , 3153       , 6324          , 1486     , 1520      , 679       , 4230
112      , 3250       , 6525          , 1501     , 1536      , 681       , 4266
113      , 3250       , 6523          , 1519     , 1552      , 691       , 4303
114      , 3308       , 6639          , 1541     , 1568      , 689       , 4340
115      , 3436       , 6894          , 1552     , 1584      , 698       , 4377
116      , 3495       , 7014          , 1570     , 1600      , 700       , 4414
117      , 3497       , 7016          , 1588     , 1616      , 703       , 4451
118      , 3591       , 7206          , 1610     , 1632      , 710       , 4488
119      , 3672       , 7367          , 1618     , 1648      , 727       , 4525
120      , 3759       , 7537          , 1639     , 1664      , 720       , 4562
121      , 3806       , 7632          , 1655     , 1680      , 726       , 4600
122      , 3840       , 7703          , 1679     , 1696      , 731       , 4637
123      , 3791       , 7614          , 1693     , 1712      , 819       , 4673
124      , 3945       , 7907          , 1717     , 1728      , 749       , 4710
125      , 4094       , 8203          , 1726     , 1744      , 778       , 4748
126      , 4102       , 8226          , 1749     , 1760      , 764       , 4785
127      , 4217       , 8456          , 1759     , 1776      , 772       , 4821
128      , 4220       , 8460          , 1780     , 1792      , 775       , 4858
129      , 4351       , 8728          , 1791     , 1810      , 780       , 4896
130      , 4356       , 8737          , 1815     , 1828      , 812       , 4932
131      , 4422       , 8869          , 1823     , 1846      , 798       , 4970
132      , 4468       , 8961          , 1850     , 1864      , 814       , 5006
133      , 4558       , 9139          , 1867     , 1882      , 826       , 5043
134      , 4580       , 9187          , 1892     , 1900      , 821       , 5080
135      , 4596       , 9219          , 1904     , 1918      , 812       , 5117
136      , 4796       , 9615          , 1919     , 1936      , 846       , 5154
137      , 4877       , 9783          , 1937     , 1954      , 864       , 5192
138      , 4955       , 9935          , 1954     , 1972      , 874       , 5229
139      , 4956       , 9942          , 1967     , 1990      , 869       , 5266
140      , 4999       , 10024         , 1987     , 2008      , 879       , 5302
141      , 5107       , 10241         , 2010     , 2026      , 886       , 5340
142      , 5237       , 10499         , 2015     , 2044      , 894       , 5376
143      , 5248       , 10524         , 2032     , 2062      , 879       , 5414
144      , 5274       , 10573         , 2062     , 2080      , 881       , 5451
145      , 5330       , 10688         , 2081     , 2098      , 900       , 5487
146      , 5446       , 10919         , 2095     , 2116      , 918       , 5525
147      , 5554       , 11140         , 2108     , 2134      , 952       , 5562
148      , 5598       , 11222         , 2139     , 2152      , 928       , 5599
149      , 5683       , 11388         , 2150     , 2170      , 944       , 5636
150      , 5838       , 11700         , 2165     , 2188      , 937       , 5673
151      , 5804       , 11637         , 2186     , 2206      , 960       , 5710
152      , 5947       , 11918         , 2205     , 2224      , 945       , 5747
153      , 5928       , 11882         , 2230     , 2242      , 972       , 5784
154      , 6090       , 12203         , 2239     , 2260      , 1014      , 5821
155      , 6078       , 12189         , 2268     , 2278      , 981       , 5858
156      , 6152       , 12335         , 2285     , 2296      , 984       , 5895
157      , 6180       , 12388         , 2299     , 2314      , 999       , 5931
158      , 6411       , 12847         , 2318     , 2332      , 1006      , 5968
159      , 6536       , 13100         , 2326     , 2350      , 1016      , 6005
160      , 6552       , 13134         , 2351     , 2368      , 1010      , 6042
161      , 6558       , 13144         , 2372     , 2386      , 1037      , 6080
162      , 6740       , 13509         , 2384     , 2404      , 1025      , 6117
163      , 6867       , 13760         , 2396     , 2422      , 1044      , 6153
164      , 6967       , 13965         , 2420     , 2440      , 1057      , 6191
165      , 6830       , 13688         , 2445     , 2458      , 1079      , 6228
166      , 7037       , 14104         , 2471     , 2476      , 1078      , 6265
167      , 7104       , 14232         , 2482     , 2494      , 1050      , 6301
168      , 7164       , 14359         , 2507     , 2512      , 1073      , 6339
169      , 7334       , 14694         , 2512     , 2530      , 1066      , 6375
170      , 7411       , 14851         , 2539     , 2548      , 1086      , 6412
171      , 7560       , 15143         , 2551     , 2566      , 1073      , 6450
172      , 7564       , 15155         , 2577     , 2584      , 1112      , 6486
173      , 7628       , 15283         , 2589     , 2602      , 1111      , 6524
174      , 7697       , 15427         , 2611     , 2620      , 1109      , 6561
175      , 7851       , 15731         , 2621     , 2638      , 1139      , 6598
176      , 7921       , 15872         , 2651     , 2656      , 1119      , 6635
177      , 8036       , 16101         , 2670     , 2674      , 1124      , 6672
178      , 8085       , 16199         , 2688     , 2692      , 1177      , 6709
179      , 8125       , 16278         , 2701     , 2710      , 1153      , 6746
180      , 8216       , 16464         , 2728     , 2728      , 1167      , 6783
181      , 8456       , 16944         , 2728     , 2746      , 1163      , 6820
182      , 8513       , 17050         , 2752     , 2764      , 1176      , 6857
183      , 8517       , 17065         , 2774     , 2782      , 1193      , 6894
184      , 8616       , 17259         , 2794     , 2800      , 1211      , 6931
185      , 8804       , 17637         , 2815     , 2818      , 1228      , 6968
186      , 8857       , 17741         , 2826     , 2836      , 1200      , 7005
187      , 8866       , 17760         , 2849     , 2854      , 1189      , 7042
188      , 8996       , 18021         , 2878     , 2872      , 1239      , 7079
189      , 9220       , 18464         , 2890     , 2890      , 1216      , 7116
190      , 9290       , 18605         , 2914     , 2908      , 1231      , 7153
191      , 9181       , 18390         , 2940     , 2926      , 1249      , 7190
192      , 9344       , 18716         , 2952     , 2944      , 1263      , 7227
193      , 9530       , 19093         , 2966     , 2962      , 1260      , 7264
194      , 9643       , 19318         , 2983     , 2980      , 1273      , 7300
195      , 9646       , 19323         , 3008     , 2998      , 1284      , 7338
196      , 9713       , 19458         , 3029     , 3016      , 1258      , 7375
197      , 9873       , 19773         , 3042     , 3034      , 1292      , 7412
198      , 10038      , 20100         , 3064     , 3052      , 1290      , 7449
199      , 10057      , 20146         , 3080     , 3070      , 1321      , 7486
200      , 10145      , 20324         , 3102     , 3088      , 1287      , 7524
201      , 10210      , 20448         , 3119     , 3106      , 1296      , 7560
202      , 10420      , 20876         , 3140     , 3124      , 1364      , 7597
203      , 10506      , 21040         , 3155     , 3142      , 1307      , 7634
204      , 10622      , 21274         , 3173     , 3160      , 1368      , 7671
205      , 10536      , 21106         , 3197     , 3178      , 1349      , 7708
206      , 10825      , 21684         , 3211     , 3196      , 1367      , 7745
207      , 10907      , 21847         , 3230     , 3214      , 1360      , 7782
208      , 11037      , 22112         , 3253     , 3232      , 1423      , 7819
209      , 10994      , 22020         , 3275     , 3250      , 1366      , 7855
210      , 11171      , 22373         , 3294     , 3268      , 1352      , 7893
211      , 11384      , 22796         , 3307     , 3286      , 1406      , 7930
212      , 11456      , 22946         , 3333     , 3304      , 1399      , 7967
213      , 11474      , 22985         , 3355     , 3322      , 1411      , 8004
214      , 11618      , 23264         , 3370     , 3340      , 1420      , 8041
215      , 11838      , 23705         , 3393     , 3358      , 1433      , 8078
216      , 12056      , 24141         , 3403     , 3376      , 1420      , 8114
217      , 11980      , 23983         , 3428     , 3394      , 1434      , 8152
218      , 12121      , 24276         , 3445     , 3412      , 1459      , 8189
219      , 12226      , 24481         , 3462     , 3430      , 1470      , 8226
220      , 12398      , 24826         , 3481     , 3448      , 1461      , 8263
221      , 12428      , 24888         , 3502     , 3466      , 1496      , 8299
222      , 12414      , 24864         , 3526     , 3484      , 1514      , 8337
223      , 12700      , 25435         , 3543     , 3502      , 1455      , 8375
224      , 12749      , 25530         , 3569     , 3520      , 1481      , 8411
225      , 12856      , 25746         , 3574     , 3538      , 1478      , 8448
226      , 12940      , 25910         , 3602     , 3556      , 1515      , 8485
227      , 13050      , 26136         , 3616     , 3574      , 1494      , 8522
228      , 13232      , 26500         , 3634     , 3592      , 1562      , 8559
229      , 13445      , 26921         , 3660     , 3610      , 1531      , 8596
230      , 13206      , 26450         , 3675     , 3628      , 1542      , 8633
231      , 13596      , 27228         , 3700     , 3646      , 1544      , 8671
232      , 13566      , 27169         , 3721     , 3664      , 1551      , 8707
233      , 13821      , 27673         , 3737     , 3682      , 1538      , 8744
234      , 13936      , 27903         , 3763     , 3700      , 1564      , 8781
235      , 13982      , 27994         , 3778     , 3718      , 1623      , 8818
236      , 14179      , 28390         , 3788     , 3736      , 1618      , 8855
237      , 14394      , 28822         , 3812     , 3754      , 1632      , 8892
238      , 14405      , 28845         , 3830     , 3772      , 1615      , 8929
239      , 14499      , 29028         , 3848     , 3790      , 1578      , 8966
240      , 14476      , 28985         , 3875     , 3808      , 1609      , 9003
241      , 14824      , 29686         , 3894     , 3826      , 1565      , 9040
242      , 14996      , 30022         , 3912     , 3844      , 1605      , 9077
243      , 14731      , 29495         , 3937     , 3862      , 1604      , 9114
244      , 15194      , 30422         , 3949     , 3880      , 1651      , 9151
245      , 15323      , 30678         , 3973     , 3898      , 1669      , 9188
246      , 15399      , 30831         , 3994     , 3916      , 1664      , 9225
247      , 15384      , 30809         , 4011     , 3934      , 1630      , 9263
248      , 15723      , 31484         , 4033     , 3952      , 1665      , 9299
249      , 15620      , 31274         , 4062     , 3970      , 1680      , 9336
250      , 15984      , 32007         , 4065     , 3988      , 1675      , 9373
251      , 16059      , 32149         , 4081     , 4006      , 1687      , 9410
252      , 16245      , 32525         , 4112     , 4024      , 1626      , 9447
253      , 16250      , 32538         , 4135     , 4042      , 1726      , 9484
254      , 16574      , 33186         , 4156     , 4060      , 1733      , 9521
255      , 16584      , 33210         , 4168     , 4078      , 1727      , 9558
256      , 16760      , 33559         , 4189     , 4096      , 1752      , 9595
257      , 16865      , 33768         , 4210     , 4116      , 1775      , 9632
258      , 16962      , 33968         , 4227     , 4136      , 1714      , 9669
259      , 17191      , 34421         , 4241     , 4156      , 1751      , 9706
260      , 17188      , 34415         , 4272     , 4176      , 1806      , 9743
261      , 17317      , 34667         , 4281     , 4196      , 1783      , 9780
262      , 17309      , 34655         , 4311     , 4216      , 1834      , 9817
263      , 17687      , 35414         , 4327     , 4236      , 1800      , 9854
264      , 17660      , 35355         , 4348     , 4256      , 1819      , 9891
265      , 17879      , 35788         , 4364     , 4276      , 1776      , 9928
266      , 17806      , 35644         , 4392     , 4296      , 1836      , 9966
267      , 18076      , 36190         , 4422     , 4316      , 1845      , 10002
268      , 18106      , 36247         , 4440     , 4336      , 1825      , 10040
269      , 18242      , 36516         , 4455     , 4356      , 1803      , 10076
270      , 18533      , 37100         , 4468     , 4376      , 1843      , 10113
271      , 18777      , 37586         , 4493     , 4396      , 1839      , 10150
272      , 18743      , 37523         , 4512     , 4416      , 1816      , 10187
273      , 19106      , 38252         , 4518     , 4436      , 1866      , 10224
274      , 18796      , 37629         , 4558     , 4456      , 1926      , 10261
275      , 19160      , 38357         , 4573     , 4476      , 1892      , 10298
276      , 19471      , 38978         , 4581     , 4496      , 1888      , 10335
277      , 19342      , 38721         , 4613     , 4516      , 1872      , 10372
278      , 19676      , 39390         , 4633     , 4536      , 1964      , 10409
279      , 19762      , 39560         , 4657     , 4556      , 1932      , 10446
280      , 19924      , 39887         , 4678     , 4576      , 1935      , 10483
281      , 20114      , 40261         , 4694     , 4596      , 1915      , 10520
282      , 20098      , 40236         , 4711     , 4616      , 1854      , 10557
283      , 20399      , 40838         , 4736     , 4636      , 2033      , 10594
284      , 20468      , 40963         , 4754     , 4656      , 1894      , 10631
285      , 20600      , 41236         , 4769     , 4676      , 2040      , 10668
286      , 20744      , 41533         , 4785     , 4696      , 1992      , 10705
287      , 20783      , 41598         , 4817     , 4716      , 1970      , 10742
288      , 21089      , 42214         , 4832     , 4736      , 1944      , 10779
289      , 21169      , 42371         , 4836     , 4756      , 2001      , 10816
290      , 21529      , 43099         , 4867     , 4776      , 2027      , 10853
291      , 21395      , 42832         , 4893     , 4796      , 2021      , 10890
292      , 21419      , 42876         , 4925     , 4816      , 2024      , 10927
293      , 21781      , 43596         , 4935     , 4836      , 2007      , 10965
294      , 22150      , 44337         , 4956     , 4856      , 1999      , 11001
295      , 21613      , 43263         , 4979     , 4876      , 2043      , 11038
296      , 22094      , 44232         , 5001     , 4896      , 2093      , 11075
297      , 22119      , 44277         , 5027     , 4916      , 1993      , 11112
298      , 22523      , 45082         , 5039     , 4936      , 2042      , 11149
299      , 22504      , 45048         , 5068     , 4956      , 2047      , 11186
300      , 22720      , 45471         , 5086     , 4976      , 2080      , 11223
301      , 22913      , 45867         , 5103     , 4996      , 2087      , 11260
302      , 23178      , 46388         , 5128     , 5016      , 2105      , 11298
303      , 23339      , 46715         , 5140     , 5036      , 2065      , 11334
304      , 23276      , 46593         , 5170     , 5056      , 2141      , 11371
305      , 23411      , 46860         , 5192     , 5076      , 2109      , 11408
306      , 23438      , 46916         , 5211     , 5096      , 2191      , 11445
307      , 23973      , 47984         , 5217     , 5116      , 2162      , 11481
308      , 24250      , 48534         , 5244     , 5136      , 2081      , 11519
309      , 23988      , 48021         , 5271     , 5156      , 2173      , 11556
310      , 24499      , 49032         , 5286     , 5176      , 2191      , 11593
311      , 24649      , 49334         , 5300     , 5196      , 2257      , 11630
312      , 24631      , 49301         , 5329     , 5216      , 2183      , 11667
313      , 24862      , 49768         , 5353     , 5236      , 2200      , 11704
314      , 24992      , 50024         , 5368     , 5256      , 2189      , 11742
315      , 25247      , 50538         , 5379     , 5276      , 2151      , 11778
316      , 25599      , 51232         , 5400     , 5296      , 2248      , 11815
317      , 25346      , 50732         , 5438     , 5316      , 2147      , 11852
318      , 25299      , 50644         , 5461     , 5336      , 2189      , 11889
319      , 26084      , 52205         , 5463     , 5356      , 2237      , 11926
320      , 26174      , 52389         , 5485     , 5376      , 2240      , 11963
321      , 25885      , 51814         , 5519     , 5396      , 2276      , 12000
322      , 26367      , 52775         , 5543     , 5416      , 2286      , 12037
323      , 26480      , 52998         , 5561     , 5436      , 2276      , 12074
324      , 26831      , 53697         , 5584     , 5456      , 2295      , 12112
325      , 26357      , 52752         , 5604     , 5476      , 2294      , 12148
326      , 26966      , 53975         , 5612     , 5496      , 2276      , 12185
327      , 26966      , 53971         , 5642     , 5516      , 2311      , 12222
328      , 27385      , 54809         , 5651     , 5536      , 2313      , 12259
329      , 26969      , 53982         , 5679     , 5556      , 2365      , 12296
330      , 27715      , 55469         , 5699     , 5576      , 2297      , 12333
331      , 27629      , 55296         , 5721     , 5596      , 2310      , 12370
332      , 28003      , 56050         , 5738     , 5616      , 2313      , 12407
333      , 28305      , 56654         , 5761     , 5636      , 2383      , 12444
334      , 28287      , 56615         , 5782     , 5656      , 2343      , 12481
335      , 28451      , 56940         , 5808     , 5676      , 2405      , 12518
336      , 28645      , 57331         , 5825     , 5696      , 2337      , 12555
337      , 28684      , 57405         , 5855     , 5716      , 2388      , 12592
338      , 29177      , 58393         , 5866     , 5736      , 2416      , 12629
339      , 28904      , 57848         , 5887     , 5756      , 2375      , 12666
340      , 29272      , 58585         , 5917     , 5776      , 2455      , 12703
341      , 29579      , 59199         , 5932     , 5796      , 2431      , 12740
342      , 29506      , 59053         , 5957     , 5816      , 2429      , 12777
343      , 29594      , 59226         , 5987     , 5836      , 2384      , 12814
344      , 29584      , 59207         , 6012     , 5856      , 2452      , 12851
345      , 30253      , 60553         , 6018     , 5876      , 2445      , 12888
346      , 30564      , 61174         , 6041     , 5896      , 2480      , 12925
347      , 30245      , 60527         , 6066     , 5916      , 2439      , 12962
348      , 30522      , 61087         , 6090     , 5936      , 2443      , 12999
349      , 30962      , 61965         , 6109     , 5956      , 2464      , 13037
350      , 30861      , 61761         , 6122     , 5976      , 2499      , 13073
351      , 30953      , 61946         , 6145     , 5996      , 2460      , 13110
352      , 31374      , 62792         , 6162     , 6016      , 2453      , 13147
353      , 31600      , 63245         , 6182     , 6036      , 2533      , 13184
354      , 31788      , 63627         , 6208     , 6056      , 2497      , 13221
355      , 31824      , 63685         , 6229     , 6076      , 2540      , 13259
356      , 31876      , 63794         , 6252     , 6096      , 2568      , 13295
357      , 32337      , 64714         , 6275     , 6116      , 2478      , 13332
358      , 32482      , 65005         , 6292     , 6136      , 2581      , 13369
359      , 32489      , 65014         , 6308     , 6156      , 2553      , 13406
360      , 32828      , 65703         , 6339     , 6176      , 2586      , 13443
361      , 32919      , 65884         , 6355     , 6196      , 2597      , 13481
362      , 33006      , 66052         , 6374     , 6216      , 2586      , 13518
363      , 33616      , 67276         , 6384     , 6236      , 2625      , 13554
364      , 33512      , 67079         , 6408     , 6256      , 2645      , 13591
365      , 33681      , 67399         , 6448     , 6276      , 2533      , 13628
366      , 33940      , 67924         , 6467     , 6296      , 2659      , 13666
367      , 34214      , 68471         , 6480     , 6316      , 2633      , 13702
368      , 34325      , 68694         , 6511     , 6336      , 2633      , 13739
369      , 34254      , 68550         , 6529     , 6356      , 2615      , 13776
370      , 34831      , 69701         , 6539     , 6376      , 2687      , 13813
371      , 34510      , 69062         , 6575     , 6396      , 2598      , 13850
372      , 35316      , 70667         , 6587     , 6416      , 2659      , 13888
373      , 34718      , 69479         , 6619     , 6436      , 2707      , 13924
374      , 35213      , 70473         , 6631     , 6456      , 2746      , 13961
375      , 35688      , 71411         , 6663     , 6476      , 2667      , 13999
376      , 35781      , 71602         , 6681     , 6496      , 2696      , 14035
377      , 35751      , 71543         , 6704     , 6516      , 2705      , 14072
378      , 36097      , 72245         , 6733     , 6536      , 2691      , 14109
379      , 36386      , 72815         , 6741     , 6556      , 2724      , 14147
380      , 36212      , 72469         , 6775     , 6576      , 2669      , 14183
381      , 36497      , 73038         , 6797     , 6596      , 2709      , 14220
382      , 36641      , 73329         , 6813     , 6616      , 2707      , 14257
383      , 36900      , 73838         , 6837     , 6636      , 2757      , 14294
384      , 37067      , 74172         , 6853     , 6656      , 2753      , 14331
385      , 37562      , 75166         , 6861     , 6676      , 2823      , 14368
386      , 37498      , 75047         , 6897     , 6696      , 2952      , 14405
387      , 37991      , 76020         , 6917     , 6716      , 2780      , 14442
388      , 38000      , 76036         , 6945     , 6736      , 2754      , 14480
389      , 38283      , 76607         , 6959     , 6756      , 2763      , 14516
390      , 38523      , 77101         , 6985     , 6776      , 2800      , 14553
391      , 38502      , 77053         , 6994     , 6796      , 2879      , 14590
392      , 38404      , 76852         , 7035     , 6816      , 2834      , 14628
393      , 38849      , 77749         , 7041     , 6836      , 2851      , 14664
394      , 39200      , 78435         , 7071     , 6856      , 2964      , 14702
395      , 39423      , 78897         , 7075     , 6876      , 2821      , 14739
396      , 39584      , 79204         , 7109     , 6896      , 2883      , 14775
397      , 40173      , 80397         , 7126     , 6916      , 2945      , 14813
398      , 40016      , 80077         , 7152     , 6936      , 2877      , 14849
399      , 40513      , 81068         , 7178     , 6956      , 2947      , 14886
400      , 40317      , 80679         , 7195     , 6976      , 2923      , 14923
401      , 40677      , 81405         , 7218     , 6996      , 2914      , 14960
402      , 41320      , 82688         , 7226     , 7016      , 2936      , 14997
403      , 40498      , 81033         , 7266     , 7036      , 2915      , 15034
404      , 41147      , 82340         , 7284     , 7056      , 2968      , 15071
405      , 41967      , 83981         , 7302     , 7076      , 2896      , 15108
406      , 41845      , 83741         , 7320     , 7096      , 2952      , 15146
407      , 41733      , 83511         , 7329     , 7116      , 2909      , 15182
408      , 42049      , 84150         , 7369     , 7136      , 2939      , 15219
409      , 42195      , 84435         , 7385     , 7156      , 3030      , 15256
410      , 42681      , 85403         , 7396     , 7176      , 3000      , 15293
411      , 43071      , 86190         , 7425     , 7196      , 2853      , 15330
412      , 42733      , 85515         , 7447     , 7216      , 2948      , 15367
413      , 42793      , 85638         , 7470     , 7236      , 2984      , 15404
414      , 43494      , 87035         , 7478     , 7256      , 2989      , 15441
415      , 43614      , 87275         , 7504     , 7276      , 3000      , 15478
416      , 43540      , 87129         , 7533     , 7296      , 3024      , 15515
417      , 43631      , 87303         , 7562     , 7316      , 3098      , 15552
418      , 43922      , 87900         , 7584     , 7336      , 3023      , 15589
419      , 44397      , 88840         , 7593     , 7356      , 3011      , 15626
420      , 44488      , 89028         , 7619     , 7376      , 3071      , 15664
421      , 45094      , 90236         , 7642     , 7396      , 3119      , 15700
422      , 45131      , 90306         , 7667     , 7416      , 3108      , 15737
423      , 45273      , 90587         , 7681     , 7436      , 3100      , 15774
424      , 45380      , 90813         , 7692     , 7456      , 3062      , 15812
425      , 45216      , 90477         , 7722     , 7476      , 3138      , 15848
426      , 45741      , 91526         , 7754     , 7496      , 3068      , 15885
427      , 45958      , 91961         , 7785     , 7516      , 3074      , 15922
428      , 46596      , 93228         , 7796     , 7536      , 3162      , 15959
429      , 46329      , 92703         , 7820     , 7556      , 3137      , 15996
430      , 46670      , 93383         , 7842     , 7576      , 3123      , 16033
431      , 46914      , 93871         , 7860     , 7596      , 3210      , 16070
432      , 47411      , 94869         , 7874     , 7616      , 3157      , 16108
433      , 47253      , 94555         , 7901     , 7636      , 3177      , 16144
434      , 47590      , 95220         , 7917     , 7656      , 3308      , 16181
435      , 47849      , 95747         , 7945     , 7676      , 3192      , 16218
436      , 47714      , 95471         , 7973     , 7696      , 3148      , 16255
437      , 48116      , 96284         , 7978     , 7716      , 3244      , 16293
438      , 48206      , 96464         , 8008     , 7736      , 3265      , 16329
439      , 48483      , 97014         , 8027     , 7756      , 3254      , 16366
440      , 48279      , 96611         , 8045     , 7776      , 3212      , 16403
441      , 48993      , 98037         , 8071     , 7796      , 3261      , 16441
442      , 48591      , 97236         , 8106     , 7816      , 3205      , 16477
443      , 49517      , 99091         , 8121     , 7836      , 3240      , 16514
444      , 49388      , 98820         , 8142     , 7856      , 3301      , 16551
445      , 49735      , 99524         , 8179     , 7876      , 3194      , 16588
446      , 50559      , 101151        , 8199     , 7896      , 3292      , 16626
447      , 49843      , 99735         , 8225     , 7916      , 3336      , 16662
448      , 50723      , 101492        , 8242     , 7936      , 3276      , 16699
449      , 50833      , 101707        , 8248     , 7956      , 3275      , 16736
450      , 51448      , 102944        , 8278     , 7976      , 3222      , 16773
451      , 50918      , 101889        , 8313     , 7996      , 3264      , 16810
452      , 51342      , 102735        , 8320     , 8016      , 3406      , 16847
453      , 52484      , 105020        , 8346     , 8036      , 3396      , 16885
454      , 52442      , 104931        , 8360     , 8056      , 3341      , 16921
455      , 51713      , 103471        , 8395     , 8076      , 3266      , 16958
456      , 52370      , 104785        , 8410     , 8096      , 3340      , 16995
457      , 53260      , 106572        , 8431     , 8116      , 3328      , 17032
458      , 53155      , 106356        , 8448     , 8136      , 3359      , 17069
459      , 52729      , 105511        , 8478     , 8156      , 3377      , 17106
460      , 53599      , 107243        , 8489     , 8176      , 3378      , 17143
461      , 53726      , 107502        , 8516     , 8196      , 3431      , 17180
462      , 53727      , 107495        , 8552     , 8216      , 3401      , 17217
463      , 53958      , 107963        , 8564     , 8236      , 3406      , 17254
464      , 54605      , 109266        , 8581     , 8256      , 3445      , 17291
465      , 54295      , 108639        , 8613     , 8276      , 3529      , 17328
466      , 54948      , 109944        , 8639     , 8296      , 3438      , 17365
467      , 54881      , 109815        , 8647     , 8316      , 3412      , 17403
468      , 56081      , 112214        , 8673     , 8336      , 3533      , 17439
469      , 55688      , 111428        , 8690     , 8356      , 3545      , 17476
470      , 55616      , 111283        , 8724     , 8376      , 3498      , 17513
471      , 56221      , 112497        , 8733     , 8396      , 3537      , 17550
472      , 56087      , 112229        , 8768     , 8416      , 3561      , 17588
473      , 56615      , 113278        , 8773     , 8436      , 3702      , 17624
474      , 57282      , 114600        , 8804     , 8456      , 3495      , 17661
475      , 57162      , 114384        , 8817     , 8476      , 3520      , 17698
476      , 57519      , 115088        , 8842     , 8496      , 3531      , 17735
477      , 57178      , 114408        , 8879     , 8516      , 3543      , 17772
478      , 57198      , 114449        , 8908     , 8536      , 3567      , 17809
479      , 58673      , 117393        , 8896     , 8556      , 3562      , 17846
480      , 57907      , 115867        , 8940     , 8576      , 3555      , 17884
481      , 57993      , 116037        , 8965     , 8596      , 3566      , 17921
482      , 58324      , 116707        , 8983     , 8616      , 3621      , 17958
483      , 58895      , 117836        , 9006     , 8636      , 3642      , 17994
484      , 58824      , 117698        , 9035     , 8656      , 3603      , 18032
485      , 59128      , 118302        , 9051     , 8676      , 3528      , 18068
486      , 59867      , 119786        , 9078     , 8696      , 3597      , 18106
487      , 59591      , 119249        , 9088     , 8716      , 3647      , 18142
488      , 59969      , 119984        , 9122     , 8736      , 3694      , 18179
489      , 60400      , 120844        , 9140     , 8756      , 3588      , 18217
490      , 60674      , 121398        , 9150     , 8776      , 3718      , 18253
491      , 61069      , 122184        , 9181     , 8796      , 3573      , 18291
492      , 61126      , 122294        , 9229     , 8816      , 3639      , 18328
493      , 61114      , 122272        , 9224     , 8836      , 3736      , 18364
494      , 61640      , 123325        , 9251     , 8856      , 3710      , 18401
495      , 61249      , 122546        , 9264     , 8876      , 3674      , 18439
496      , 62548      , 125136        , 9296     , 8896      , 3719      , 18475
497      , 62491      , 125030        , 9309     , 8916      , 3748      , 18512
498      , 62747      , 125538        , 9339     , 8936      , 3677      , 18550
499      , 62505      , 125055        , 9362     , 8956      , 3702      , 18586
500      , 63706      , 127455        , 9385     , 8976      , 3694      , 18623
501      , 63507      , 127057        , 9406     , 8996      , 3798      , 18660
502      , 63962      , 127965        , 9434     , 9016      , 3716      , 18697
503      , 63237      , 126517        , 9463     , 9036      , 3738      , 18734
504      , 63659      , 127360        , 9481     , 9056      , 3687      , 18772
505      , 64113      , 128270        , 9503     , 9076      , 3765      , 18808
506      , 65115      , 130273        , 9520     , 9096      , 3784      , 18845
507      , 64666      , 129376        , 9548     , 9116      , 3721      , 18882
508      , 65684      , 131412        , 9560     , 9136      , 3715      , 18919
509      , 65084      , 130211        , 9598     , 9156      , 3786      , 18956
510      , 65717      , 131474        , 9608     , 9176      , 3775      , 18993
511      , 65501      , 131047        , 9624     , 9196      , 3800      , 19030
512      , 66195      , 132437        , 9658     , 9216      , 3801      , 19067
513      , 66695      , 133435        , 9676     , 9238      , 3902      , 19105
514      , 66319      , 132681        , 9709     , 9260      , 3890      , 19141
515      , 66893      , 133834        , 9724     , 9282      , 3821      , 19178
516      , 67058      , 134157        , 9752     , 9304      , 3841      , 19216
517      , 67178      , 134402        , 9766     , 9326      , 3949      , 19252
518      , 68034      , 136120        , 9791     , 9348      , 3886      , 19290
519      , 68166      , 136372        , 9808     , 9370      , 3804      , 19326
520      , 68087      , 136231        , 9842     , 9392      , 3945      , 19363
521      , 68520      , 137092        , 9845     , 9414      , 3858      , 19400
522      , 68383      , 136830        , 9884     , 9436      , 3940      , 19437
523      , 69739      , 139525        , 9887     , 9458      , 3843      , 19474
524      , 68756      , 137558        , 9932     , 9480      , 3933      , 19511
525      , 69083      , 138222        , 9957     , 9502      , 3966      , 19549
526      , 69288      , 138626        , 9967     , 9524      , 3880      , 19586
527      , 70386      , 140826        , 9982     , 9546      , 3928      , 19623
528      , 70533      , 141124        , 10016    , 9568      , 4042      , 19659
529      , 70718      , 141486        , 10034    , 9590      , 3868      , 19696
530      , 71021      , 142094        , 10057    , 9612      , 4045      , 19733
531      , 71328      , 142718        , 10091    , 9634      , 4056      , 19770
532      , 71956      , 143967        , 10098    , 9656      , 3966      , 19808
533      , 71455      , 142962        , 10125    , 9678      , 4016      , 19845
534      , 71440      , 142931        , 10154    , 9700      , 4031      , 19881
535      , 72394      , 144834        , 10176    , 9722      , 4147      , 19918
536      , 72130      , 144318        , 10195    , 9744      , 4060      , 19955
537      , 72252      , 144558        , 10217    , 9766      , 4005      , 19992
538      , 73300      , 146654        , 10233    , 9788      , 4097      , 20029
539      , 72512      , 145075        , 10260    , 9810      , 4096      , 20066
540      , 74451      , 148954        , 10268    , 9832      , 4071      , 20103
541      , 72871      , 145799        , 10319    , 9854      , 4108      , 20141
542      , 74285      , 148622        , 10335    , 9876      , 4123      , 20177
543      , 73966      , 147984        , 10353    , 9898      , 4058      , 20214
544      , 74494      , 149040        , 10362    , 9920      , 4000      , 20251
545      , 74474      , 149000        , 10387    , 9942      , 4080      , 20288
546      , 75439      , 150933        , 10428    , 9964      , 4202      , 20325
547      , 75077      , 150204        , 10432    , 9986      , 4102      , 20362
548      , 75643      , 151345        , 10469    , 10008     , 4090      , 20400
549      , 75790      , 151630        , 10480    , 10030     , 4195      , 20437
550      , 76500      , 153055        , 10505    , 10052     , 4119      , 20474
551      , 76000      , 152050        , 10530    , 10074     , 4251      , 20510
552      , 77086      , 154219        , 10574    , 10096     , 4182      , 20548
553      , 77615      , 155282        , 10563    , 10118     , 4113      , 20584
554      , 77113      , 154287        , 10608    , 10140     , 4228      , 20621
555      , 77413      , 154880        , 10611    , 10162     , 4075      , 20658
556      , 77492      , 155040        , 10645    , 10184     , 4232      , 20695
557      , 78462      , 156979        , 10663    , 10206     , 4160      , 20732
558      , 78467      , 156991        , 10689    , 10228     , 4272      , 20770
559      , 77462      , 154974        , 10726    , 10250     , 4173      , 20807
560      , 78730      , 157518        , 10731    , 10272     , 4236      , 20843
561      , 78797      , 157649        , 10767    , 10294     , 4221      , 20880
562      , 80009      , 160060        , 10777    , 10316     , 4335      , 20917
563      , 79770      , 159588        , 10798    , 10338     , 4281      , 20955
564      , 79808      , 159668        , 10827    , 10360     , 4200      , 20992
565      , 80049      , 160165        , 10845    , 10382     , 4286      , 21028
566      , 80230      , 160513        , 10871    , 10404     , 4315      , 21065
567      , 80668      , 161381        , 10906    , 10426     , 4311      , 21102
568      , 82014      , 164084        , 10913    , 10448     , 4291      , 21140
569      , 80825      , 161704        , 10951    , 10470     , 4376      , 21176
570      , 81489      , 163027        , 10971    , 10492     , 4321      , 21213
571      , 82287      , 164633        , 10982    , 10514     , 4372      , 21250
572      , 81978      , 164018        , 11013    , 10536     , 4362      , 21288
573      , 82601      , 165256        , 11045    , 10558     , 4385      , 21325
574      , 82811      , 165674        , 11047    , 10580     , 4408      , 21362
575      , 83819      , 167695        , 11068    , 10602     , 4377      , 21398
576      , 83196      , 166455        , 11102    , 10624     , 4496      , 21435
577      , 83150      , 166354        , 11136    , 10646     , 4463      , 21472
578      , 84365      , 168785        , 11145    , 10668     , 4364      , 21509
579      , 84741      , 169536        , 11161    , 10690     , 4412      , 21546
580      , 84878      , 169809        , 11176    , 10712     , 4303      , 21584
581      , 84782      , 169626        , 11219    , 10734     , 4337      , 21620
582      , 84968      , 169999        , 11243    , 10756     , 4394      , 21657
583      , 85600      , 171260        , 11266    , 10778     , 4486      , 21695
584      , 86061      , 172174        , 11279    , 10800     , 4419      , 21731
585      , 85938      , 171932        , 11294    , 10822     , 4471      , 21768
586      , 86613      , 173289        , 11319    , 10844     , 4511      , 21805
587      , 86881      , 173810        , 11348    , 10866     , 4499      , 21842
588      , 86999      , 174068        , 11375    , 10888     , 4479      , 21879
589      , 86983      , 174012        , 11399    , 10910     , 4517      , 21916
590      , 88309      , 176668        , 11431    , 10932     , 4465      , 21954
591      , 87955      , 175974        , 11438    , 10954     , 4573      , 21990
592      , 88267      , 176594        , 11462    , 10976     , 4494      , 22027
593      , 88504      , 177061        , 11486    , 10998     , 4535      , 22064
594      , 89238      , 178536        , 11512    , 11020     , 4570      , 22102
595      , 89287      , 178627        , 11528    , 11042     , 4656      , 22138
596      , 89920      , 179897        , 11546    , 11064     , 4559      , 22175
597      , 89987      , 180024        , 11571    , 11086     , 4495      , 22212
598      , 89859      , 179784        , 11600    , 11108     , 4532      , 22250
599      , 89650      , 179348        , 11635    , 11130     , 4551      , 22286
600      , 91271      , 182602        , 11648    , 11152     , 4612      , 22323
601      , 91117      , 182287        , 11672    , 11174     , 4641      , 22360
602      , 90486      , 181032        , 11702    , 11196     , 4528      , 22397
603      , 91231      , 182535        , 11714    , 11218     , 4603      , 22434
604      , 90913      , 181878        , 11750    , 11240     , 4602      , 22472
605      , 92282      , 184623        , 11781    , 11262     , 4724      , 22508
606      , 92249      , 184555        , 11800    , 11284     , 4662      , 22546
607      , 93081      , 186219        , 11797    , 11306     , 4701      , 22582
608      , 92572      , 185200        , 11835    , 11328     , 4748      , 22620
609      , 93648      , 187352        , 11855    , 11350     , 4713      , 22656
610      , 94203      , 188455        , 11883    , 11372     , 4736      , 22694
611      , 94324      , 188706        , 11906    , 11394     , 4671      , 22730
612      , 94413      , 188872        , 11930    , 11416     , 4722      , 22767
613      , 94691      , 189434        , 11951    , 11438     , 4702      , 22804
614      , 94451      , 188962        , 11976    , 11460     , 4794      , 22841
615      , 95364      , 190794        , 11989    , 11482     , 4748      , 22878
616      , 95328      , 190709        , 12030    , 11504     , 4667      , 22916
617      , 95764      , 191584        , 12047    , 11526     , 4876      , 22952
618      , 96056      , 192172        , 12056    , 11548     , 4731      , 22989
619      , 96029      , 192103        , 12100    , 11570     , 4791      , 23027
620      , 96659      , 193371        , 12124    , 11592     , 4650      , 23063
621      , 97181      , 194420        , 12141    , 11614     , 4783      , 23100
622      , 98178      , 196418        , 12154    , 11636     , 4705      , 23137
623      , 97880      , 195816        , 12194    , 11658     , 4740      , 23174
624      , 97460      , 194980        , 12207    , 11680     , 4793      , 23211
625      , 97963      , 195990        , 12238    , 11702     , 4773      , 23248
626      , 97740      , 195533        , 12268    , 11724     , 4914      , 23285
627      , 99063      , 198187        , 12275    , 11746     , 4866      , 23323
628      , 98633      , 197330        , 12315    , 11768     , 4898      , 23359
629      , 99114      , 198284        , 12337    , 11790     , 4760      , 23396
630      , 99440      , 198942        , 12353    , 11812     , 4817      , 23434
631      , 100643     , 201343        , 12370    , 11834     , 4814      , 23471
632      , 100423     , 200901        , 12403    , 11856     , 4867      , 23507
633      , 100672     , 201402        , 12421    , 11878     , 4839      , 23545
634      , 101225     , 202503        , 12451    , 11900     , 5001      , 23581
635      , 102005     , 204065        , 12454    , 11922     , 5010      , 23618
636      , 100626     , 201313        , 12496    , 11944     , 4952      , 23655
637      , 102053     , 204173        , 12515    , 11966     , 4842      , 23692
638      , 101667     , 203385        , 12542    , 11988     , 4953      , 23729
639      , 102413     , 204887        , 12557    , 12010     , 4962      , 23766
640      , 103428     , 206912        , 12580    , 12032     , 4888      , 23803
641      , 103377     , 206810        , 12621    , 12054     , 5144      , 23840
642      , 104038     , 208138        , 12618    , 12076     , 5050      , 23877
643      , 104127     , 208310        , 12655    , 12098     , 5000      , 23914
644      , 105206     , 210472        , 12678    , 12120     , 5000      , 23951
645      , 105297     , 210659        , 12692    , 12142     , 5091      , 23988
646      , 105008     , 210075        , 12728    , 12164     , 4945      , 24025
647      , 105887     , 211843        , 12746    , 12186     , 4986      , 24062
648      , 104983     , 210018        , 12781    , 12208     , 5069      , 24099
649      , 105790     , 211642        , 12776    , 12230     , 5018      , 24136
650      , 106986     , 214041        , 12805    , 12252     , 5029      , 24173
651      , 106640     , 213341        , 12840    , 12274     , 5029      , 24210
652      , 107458     , 214973        , 12864    , 12296     , 5096      , 24247
653      , 108115     , 216286        , 12878    , 12318     , 5146      , 24284
654      , 106758     , 213578        , 12906    , 12340     , 4988      , 24321
655      , 108148     , 216353        , 12936    , 12362     , 5031      , 24359
656      , 108270     , 216603        , 12957    , 12384     , 5038      , 24395
657      , 108674     , 217418        , 12955    , 12406     , 5064      , 24432
658      , 108179     , 216417        , 13005    , 12428     , 5153      , 24470
659      , 108696     , 217449        , 13032    , 12450     , 5140      , 24506
660      , 109257     , 218572        , 13061    , 12472     , 5158      , 24543
661      , 110174     , 220402        , 13067    , 12494     , 5111      , 24580
662      , 111136     , 222332        , 13074    , 12516     , 5065      , 24618
663      , 111360     , 222785        , 13122    , 12538     , 5031      , 24655
664      , 111018     , 222103        , 13138    , 12560     , 5136      , 24691
665      , 111833     , 223716        , 13171    , 12582     , 5205      , 24728
666      , 112712     , 225487        , 13189    , 12604     , 5186      , 24766
667      , 111410     , 222885        , 13218    , 12626     , 5225      , 24802
668      , 112559     , 225185        , 13226    , 12648     , 5220      , 24839
669      , 111885     , 223828        , 13250    , 12670     , 5287      , 24877
670      , 112686     , 225426        , 13276    , 12692     , 5228      , 24913
671      , 112481     , 225023        , 13306    , 12714     , 5215      , 24950
672      , 114118     , 228297        , 13340    , 12736     , 5116      , 24987
673      , 114215     , 228488        , 13347    , 12758     , 5193      , 25025
674      , 115046     , 230146        , 13360    , 12780     , 5245      , 25061
675      , 114776     , 229618        , 13389    , 12802     , 5284      , 25098
676      , 114554     , 229169        , 13432    , 12824     , 5227      , 25135
677      , 115912     , 231882        , 13442    , 12846     , 5266      , 25172
678      , 115933     , 231937        , 13466    , 12868     , 5262      , 25209
679      , 116339     , 232726        , 13474    , 12890     , 5300      , 25246
680      , 116067     , 232195        , 13522    , 12912     , 5246      , 25283
681      , 116152     , 232356        , 13552    , 12934     , 5290      , 25320
682      , 116913     , 233885        , 13569    , 12956     , 5282      , 25357
683      , 117649     , 235354        , 13582    , 12978     , 5319      , 25394
684      , 117283     , 234627        , 13623    , 13000     , 5288      , 25432
685      , 119040     , 238143        , 13637    , 13022     , 5181      , 25468
686      , 116765     , 233602        , 13675    , 13044     , 5422      , 25505
687      , 119416     , 238885        , 13678    , 13066     , 5387      , 25542
688      , 119316     , 238694        , 13713    , 13088     , 5332      , 25579
689      , 119385     , 238837        , 13717    , 13110     , 5369      , 25616
690      , 119453     , 238967        , 13752    , 13132     , 5366      , 25654
691      , 119735     , 239538        , 13782    , 13154     , 5392      , 25690
692      , 120705     , 241472        , 13805    , 13176     , 5394      , 25727
693      , 121079     , 242219        , 13813    , 13198     , 5578      , 25764
694      , 121856     , 243775        , 13844    , 13220     , 5338      , 25801
695      , 120855     , 241773        , 13867    , 13242     , 5478      , 25838
696      , 121060     , 242175        , 13913    , 13264     , 5473      , 25875
697      , 121701     , 243463        , 13912    , 13286     , 5345      , 25912
698      , 121620     , 243316        , 13937    , 13308     , 5528      , 25949
699      , 122149     , 244370        , 13971    , 13330     , 5518      , 25986
700      , 123435     , 246934        , 13971    , 13352     , 5483      , 26023
701      , 123415     , 246891        , 14011    , 13374     , 5388      , 26060
702      , 122990     , 246055        , 14040    , 13396     , 5533      , 26097
703      , 124341     , 248755        , 14069    , 13418     , 5650      , 26134
704      , 125068     , 250195        , 14082    , 13440     , 5577      , 26172
705      , 125672     , 251401        , 14087    , 13462     , 5423      , 26208
706      , 125686     , 251435        , 14128    , 13484     , 5567      , 26245
707      , 126159     , 252366        , 14150    , 13506     , 5663      , 26281
708      , 126284     , 252627        , 14182    , 13528     , 5594      , 26319
709      , 126875     , 253804        , 14193    , 13550     , 5499      , 26356
710      , 126960     , 253981        , 14222    , 13572     , 5513      , 26393
711      , 126214     , 252502        , 14258    , 13594     , 5353      , 26430
712      , 128009     , 256067        , 14258    , 13616     , 5558      , 26467
713      , 128800     , 257658        , 14285    , 13638     , 5439      , 26504
714      , 128843     , 257745        , 14308    , 13660     , 5464      , 26541
715      , 129030     , 258122        , 14335    , 13682     , 5667      , 26578
716      , 129107     , 258272        , 14362    , 13704     , 5728      , 26615
717      , 129630     , 259330        , 14374    , 13726     , 5683      , 26652
718      , 130580     , 261226        , 14410    , 13748     , 5538      , 26689
719      , 129965     , 259982        , 14453    , 13770     , 5546      , 26727
720      , 131127     , 262323        , 14447    , 13792     , 5605      , 26763
721      , 131480     , 263023        , 14471    , 13814     , 5649      , 26800
722      , 131835     , 263735        , 14515    , 13836     , 5496      , 26837
723      , 130687     , 261435        , 14527    , 13858     , 5641      , 26874
724      , 131574     , 263219        , 14561    , 13880     , 5683      , 26911
725      , 131823     , 263717        , 14592    , 13902     , 5606      , 26948
726      , 132893     , 265839        , 14601    , 13924     , 5762      , 26985
727      , 133034     , 266132        , 14631    , 13946     , 5725      , 27022
728      , 132949     , 265971        , 14660    , 13968     , 5827      , 27059
729      , 133875     , 267811        , 14660    , 13990     , 5826      , 27096
730      , 132758     , 265585        , 14712    , 14012     , 5757      , 27133
731      , 134907     , 269875        , 14706    , 14034     , 5608      , 27169
732      , 135445     , 270953        , 14754    , 14056     , 5762      , 27207
733      , 135333     , 270726        , 14777    , 14078     , 5766      , 27243
734      , 135336     , 270735        , 14804    , 14100     , 5808      , 27281
735      , 136798     , 273661        , 14819    , 14122     , 5778      , 27319
736      , 136432     , 272914        , 14840    , 14144     , 5667      , 27355
737      , 136559     , 273177        , 14873    , 14166     , 5727      , 27392
738      , 136058     , 272186        , 14905    , 14188     , 5813      , 27429
739      , 137448     , 274964        , 14921    , 14210     , 5987      , 27466
740      , 137937     , 275937        , 14932    , 14232     , 5847      , 27503
741      , 137533     , 275124        , 14967    , 14254     , 5768      , 27540
742      , 138411     , 276893        , 14989    , 14276     , 5889      , 27577
743      , 139274     , 278600        , 15008    , 14298     , 5861      , 27614
744      , 139741     , 279555        , 15031    , 14320     , 5940      , 27651
745      , 138849     , 277763        , 15065    , 14342     , 5888      , 27688
746      , 139924     , 279908        , 15079    , 14364     , 5919      , 27725
747      , 140286     , 280640        , 15097    , 14386     , 5991      , 27762
748      , 141058     , 282188        , 15129    , 14408     , 5923      , 27799
749      , 139883     , 279841        , 15163    , 14430     , 5803      , 27836
750      , 141635     , 283341        , 15187    , 14452     , 5886      , 27873
751      , 141242     , 282560        , 15205    , 14474     , 5736      , 27910
752      , 142268     , 284594        , 15219    , 14496     , 5922      , 27947
753      , 141835     , 283733        , 15257    , 14518     , 5990      , 27985
754      , 142459     , 284985        , 15284    , 14540     , 6012      , 28021
755      , 141884     , 283831        , 15306    , 14562     , 5902      , 28058
756      , 143804     , 287675        , 15326    , 14584     , 6059      , 28096
757      , 144393     , 288850        , 15349    , 14606     , 5940      , 28132
758      , 144064     , 288188        , 15382    , 14628     , 5938      , 28169
759      , 145014     , 290101        , 15404    , 14650     , 6001      , 28206
760      , 144647     , 289364        , 15426    , 14672     , 5972      , 28243
761      , 145989     , 292037        , 15436    , 14694     , 5922      , 28280
762      , 145143     , 290358        , 15466    , 14716     , 6028      , 28317
763      , 146092     , 292249        , 15508    , 14738     , 5996      , 28355
764      , 147003     , 294072        , 15514    , 14760     , 6194      , 28391
765      , 147739     , 295549        , 15539    , 14782     , 6089      , 28428
766      , 147845     , 295753        , 15562    , 14804     , 6005      , 28465
767      , 148006     , 296067        , 15593    , 14826     , 5997      , 28502
768      , 147668     , 295399        , 15611    , 14848     , 6068      , 28539
769      , 149063     , 298190        , 15638    , 14870     , 6154      , 28576
770      , 149214     , 298482        , 15664    , 14892     , 6159      , 28613
771      , 149942     , 299949        , 15673    , 14914     , 6136      , 28650
772      , 150304     , 300681        , 15711    , 14936     , 6102      , 28687
773      , 150718     , 301502        , 15732    , 14958     , 6129      , 28725
774      , 151105     , 302280        , 15743    , 14980     , 6109      , 28761
775      , 150799     , 301662        , 15777    , 15002     , 6088      , 28798
776      , 152598     , 305259        , 15799    , 15024     , 6150      , 28835
777      , 152642     , 305346        , 15825    , 15046     , 6116      , 28872
778      , 152147     , 304352        , 15849    , 15068     , 6231      , 28909
779      , 153543     , 307161        , 15865    , 15090     , 6119      , 28946
780      , 152311     , 304678        , 15907    , 15112     , 6129      , 28983
781      , 153607     , 307277        , 15914    , 15134     , 6211      , 29020
782      , 153668     , 307403        , 15957    , 15156     , 6145      , 29057
783      , 153847     , 307752        , 15969    , 15178     , 6114      , 29094
784      , 153918     , 307902        , 16005    , 15200     , 6257      , 29131
785      , 155638     , 311343        , 16021    , 15222     , 6314      , 29168
786      , 155796     , 311655        , 16042    , 15244     , 6102      , 29205
787      , 157010     , 314086        , 16065    , 15266     , 6271      , 29243
788      , 156857     , 313772        , 16108    , 15288     , 6279      , 29279
789      , 156438     , 312931        , 16120    , 15310     , 6267      , 29316
790      , 155885     , 311833        , 16141    , 15332     , 6338      , 29353
791      , 157671     , 315404        , 16169    , 15354     , 6271      , 29390
792      , 157500     , 315063        , 16189    , 15376     , 6318      , 29427
793      , 156821     , 313709        , 16213    , 15398     , 6214      , 29464
794      , 158603     , 317269        , 16230    , 15420     , 6261      , 29501
795      , 159238     , 318548        , 16250    , 15442     , 6181      , 29538
796      , 159054     , 318171        , 16270    , 15464     , 6387      , 29575
797      , 159637     , 319332        , 16302    , 15486     , 6405      , 29612
798      , 160485     , 321040        , 16334    , 15508     , 6331      , 29649
799      , 160673     , 321408        , 16351    , 15530     , 6343      , 29686
800      , 161539     , 323139        , 16389    , 15552     , 6367      , 29724
801      , 161351     , 322769        , 16391    , 15574     , 6394      , 29760
802      , 161894     , 323845        , 16424    , 15596     , 6340      , 29797
803      , 162357     , 324780        , 16447    , 15618     , 6320      , 29834
804      , 161886     , 323836        , 16485    , 15640     , 6424      , 29871
805      , 163472     , 327003        , 16501    , 15662     , 6347      , 29908
806      , 163059     , 326182        , 16532    , 15684     , 6261      , 29946
807      , 163231     , 326525        , 16537    , 15706     , 6425      , 29982
808      , 163785     , 327641        , 16554    , 15728     , 6391      , 30019
809      , 164294     , 328659        , 16589    , 15750     , 6426      , 30056
810      , 164934     , 329934        , 16607    , 15772     , 6404      , 30093
811      , 165232     , 330536        , 16636    , 15794     , 6284      , 30130
812      , 164841     , 329752        , 16663    , 15816     , 6335      , 30167
813      , 166519     , 333109        , 16685    , 15838     , 6463      , 30204
814      , 166672     , 333412        , 16705    , 15860     , 6398      , 30241
815      , 166281     , 332625        , 16729    , 15882     , 6418      , 30278
816      , 166379     , 332821        , 16744    , 15904     , 6545      , 30315
817      , 167503     , 335076        , 16799    , 15926     , 6368      , 30352
818      , 168533     , 337136        , 16797    , 15948     , 6430      , 30389
819      , 167897     , 335860        , 16827    , 15970     , 6584      , 30426
820      , 168749     , 337571        , 16847    , 15992     , 6519      , 30462
821      , 169530     , 339131        , 16857    , 16014     , 6428      , 30500
822      , 169215     , 338498        , 16892    , 16036     , 6521      , 30537
823      , 169263     , 338590        , 16928    , 16058     , 6442      , 30574
824      , 170172     , 340412        , 16938    , 16080     , 6577      , 30611
825      , 171279     , 342624        , 16960    , 16102     , 6566      , 30648
826      , 171075     , 342219        , 16997    , 16124     , 6505      , 30686
827      , 171900     , 343864        , 17008    , 16146     , 6524      , 30723
828      , 172064     , 344191        , 17042    , 16168     , 6625      , 30759
829      , 174161     , 348387        , 17056    , 16190     , 6693      , 30796
830      , 173348     , 346770        , 17089    , 16212     , 6626      , 30833
831      , 173789     , 347643        , 17115    , 16234     , 6641      , 30870
832      , 175176     , 350421        , 17134    , 16256     , 6567      , 30907
833      , 174992     , 350042        , 17165    , 16278     , 6648      , 30944
834      , 175827     , 351723        , 17179    , 16300     , 6596      , 30980
835      , 176846     , 353761        , 17199    , 16322     , 6690      , 31018
836      , 175830     , 351727        , 17225    , 16344     , 6693      , 31055
837      , 176282     , 352632        , 17253    , 16366     , 6689      , 31092
838      , 176131     , 352329        , 17280    , 16388     , 6771      , 31129
839      , 177955     , 355979        , 17310    , 16410     , 6642      , 31166
840      , 177817     , 355691        , 17333    , 16432     , 6767      , 31203
841      , 177656     , 355378        , 17364    , 16454     , 6766      , 31240
842      , 178914     , 357892        , 17380    , 16476     , 6789      , 31277
843      , 179064     , 358204        , 17406    , 16498     , 6690      , 31314
844      , 179826     , 359721        , 17427    , 16520     , 6646      , 31351
845      , 179306     , 358675        , 17456    , 16542     , 6829      , 31388
846      , 179731     , 359537        , 17479    , 16564     , 6838      , 31425
847      , 181826     , 363710        , 17486    , 16586     , 6701      , 31462
848      , 180530     , 361117        , 17530    , 16608     , 6837      , 31499
849      , 180803     , 361676        , 17564    , 16630     , 6928      , 31536
850      , 181238     , 362542        , 17577    , 16652     , 6714      , 31573
851      , 182119     , 364314        , 17592    , 16674     , 6761      , 31610
852      , 182776     , 365624        , 17605    , 16696     , 6799      , 31647
853      , 182338     , 364744        , 17640    , 16718     , 6849      , 31684
854      , 183738     , 367549        , 17659    , 16740     , 6753      , 31720
855      , 184357     , 368792        , 17671    , 16762     , 6704      , 31758
856      , 184586     , 369235        , 17714    , 16784     , 6769      , 31795
857      , 184368     , 368808        , 17758    , 16806     , 6695      , 31832
858      , 185206     , 370484        , 17762    , 16828     , 6861      , 31870
859      , 185827     , 371736        , 17795    , 16850     , 6814      , 31906
860      , 185696     , 371454        , 17813    , 16872     , 6834      , 31943
861      , 186802     , 373670        , 17837    , 16894     , 7035      , 31980
862      , 186385     , 372838        , 17847    , 16916     , 6935      , 32017
863      , 186623     , 373307        , 17881    , 16938     , 6838      , 32054
864      , 187022     , 374103        , 17914    , 16960     , 6937      , 32091
865      , 188074     , 376225        , 17922    , 16982     , 6898      , 32128
866      , 187254     , 374582        , 17973    , 17004     , 6978      , 32165
867      , 188747     , 377572        , 18005    , 17026     , 7082      , 32202
868      , 188979     , 378025        , 18013    , 17048     , 6996      , 32239
869      , 191185     , 382441        , 18019    , 17070     , 6925      , 32276
870      , 190411     , 380889        , 18049    , 17092     , 6973      , 32313
871      , 190552     , 381171        , 18072    , 17114     , 6974      , 32350
872      , 191519     , 383100        , 18107    , 17136     , 6913      , 32387
873      , 192111     , 384272        , 18143    , 17158     , 7010      , 32424
874      , 191943     , 383961        , 18159    , 17180     , 7003      , 32461
875      , 192415     , 384901        , 18179    , 17202     , 6872      , 32498
876      , 192126     , 384323        , 18217    , 17224     , 6978      , 32534
877      , 193632     , 387339        , 18221    , 17246     , 6898      , 32572
878      , 193082     , 386222        , 18254    , 17268     , 6999      , 32609
879      , 194509     , 389084        , 18271    , 17290     , 6980      , 32646
880      , 194013     , 388086        , 18299    , 17312     , 7010      , 32683
881      , 195501     , 391057        , 18320    , 17334     , 6902      , 32720
882      , 194788     , 389657        , 18366    , 17356     , 7082      , 32757
883      , 195195     , 390470        , 18377    , 17378     , 7119      , 32793
884      , 195920     , 391917        , 18418    , 17400     , 7145      , 32831
885      , 195789     , 391647        , 18433    , 17422     , 7293      , 32867
886      , 196547     , 393165        , 18442    , 17444     , 7155      , 32905
887      , 197302     , 394683        , 18477    , 17466     , 7235      , 32943
888      , 198225     , 396535        , 18484    , 17488     , 7232      , 32979
889      , 199424     , 398929        , 18514    , 17510     , 7118      , 33016
890      , 199350     , 398771        , 18538    , 17532     , 7071      , 33053
891      , 200297     , 400648        , 18570    , 17554     , 7150      , 33089
892      , 198990     , 398050        , 18598    , 17576     , 7092      , 33127
893      , 199388     , 398856        , 18638    , 17598     , 6948      , 33164
894      , 200369     , 400812        , 18657    , 17620     , 7280      , 33201
895      , 202314     , 404697        , 18670    , 17642     , 7032      , 33237
896      , 202232     , 404534        , 18680    , 17664     , 7085      , 33275
897      , 202094     , 404264        , 18739    , 17686     , 7099      , 33312
898      , 202502     , 405068        , 18765    , 17708     , 7308      , 33349
899      , 204322     , 408723        , 18756    , 17730     , 7118      , 33385
900      , 203287     , 406650        , 18791    , 17752     , 7301      , 33423
901      , 203761     , 407601        , 18809    , 17774     , 7448      , 33460
902      , 204753     , 409571        , 18840    , 17796     , 7208      , 33497
903      , 206561     , 413197        , 18853    , 17818     , 7380      , 33534
904      , 205695     , 411441        , 18879    , 17840     , 7318      , 33571
905      , 205658     , 411376        , 18917    , 17862     , 7285      , 33608
906      , 205646     , 411370        , 18946    , 17884     , 7301      , 33645
907      , 207292     , 414655        , 18964    , 17906     , 7410      , 33682
908      , 207287     , 414645        , 18985    , 17928     , 7454      , 33718
909      , 208377     , 416834        , 19009    , 17950     , 7154      , 33756
910      , 208979     , 418044        , 19037    , 17972     , 7344      , 33792
911      , 209331     , 418727        , 19064    , 17994     , 7926      , 33830
912      , 210612     , 421282        , 19073    , 18016     , 7427      , 33866
913      , 209760     , 419594        , 19100    , 18038     , 7345      , 33904
914      , 209191     , 418457        , 19129    , 18060     , 7315      , 33941
915      , 209199     , 418472        , 19167    , 18082     , 7419      , 33978
916      , 211545     , 423167        , 19189    , 18104     , 7359      , 34015
917      , 212716     , 425501        , 19201    , 18126     , 7271      , 34052
918      , 211417     , 422897        , 19227    , 18148     , 7439      , 34088
919      , 212571     , 425222        , 19275    , 18170     , 7459      , 34126
920      , 212142     , 424356        , 19271    , 18192     , 7422      , 34163
921      , 212656     , 425389        , 19313    , 18214     , 7497      , 34200
922      , 213547     , 427169        , 19316    , 18236     , 7505      , 34237
923      , 213385     , 426826        , 19357    , 18258     , 7441      , 34274
924      , 215945     , 431960        , 19371    , 18280     , 7456      , 34310
925      , 215197     , 430456        , 19383    , 18302     , 7415      , 34347
926      , 214715     , 429505        , 19435    , 18324     , 7478      , 34384
927      , 216387     , 432836        , 19434    , 18346     , 7733      , 34422
928      , 216379     , 432830        , 19472    , 18368     , 7324      , 34459
929      , 216663     , 433400        , 19500    , 18390     , 7539      , 34495
930      , 216875     , 433819        , 19520    , 18412     , 7599      , 34533
931      , 218176     , 436411        , 19534    , 18434     , 7626      , 34570
932      , 218477     , 437023        , 19578    , 18456     , 7486      , 34607
933      , 218008     , 436093        , 19604    , 18478     , 7597      , 34643
934      , 219661     , 439396        , 19633    , 18500     , 7591      , 34680
935      , 216507     , 433098        , 19661    , 18522     , 7492      , 34717
936      , 218652     , 437383        , 19690    , 18544     , 7464      , 34755
937      , 219781     , 439634        , 19708    , 18566     , 7697      , 34792
938      , 220402     , 440872        , 19717    , 18588     , 7453      , 34828
939      , 221460     , 442988        , 19750    , 18610     , 7631      , 34865
940      , 221098     , 442286        , 19783    , 18632     , 7621      , 34903
941      , 221449     , 442970        , 19807    , 18654     , 7736      , 34940
942      , 222518     , 445110        , 19848    , 18676     , 7771      , 34976
943      , 222741     , 445554        , 19839    , 18698     , 7567      , 35014
944      , 224179     , 448438        , 19849    , 18720     , 7800      , 35051
945      , 224208     , 448484        , 19897    , 18742     , 7623      , 35088
946      , 223357     , 446801        , 19933    , 18764     , 7548      , 35125
947      , 226485     , 453040        , 19927    , 18786     , 7690      , 35162
948      , 226252     , 452572        , 19969    , 18808     , 7749      , 35199
949      , 225426     , 450933        , 19996    , 18830     , 7655      , 35236
950      , 227797     , 455670        , 20012    , 18852     , 7605      , 35272
951      , 228423     , 456923        , 20034    , 18874     , 7790      , 35309
952      , 227774     , 455637        , 20056    , 18896     , 7710      , 35346
953      , 227044     , 454157        , 20096    , 18918     , 7550      , 35384
954      , 229950     , 459970        , 20098    , 18940     , 7762      , 35420
955      , 230605     , 461273        , 20141    , 18962     , 7712      , 35458
956      , 230138     , 460356        , 20177    , 18984     , 7764      , 35495
957      , 230273     , 460619        , 20183    , 19006     , 7845      , 35532
958      , 229298     , 458667        , 20227    , 19028     , 7776      , 35569
959      , 230211     , 460497        , 20252    , 19050     , 7637      , 35606
960      , 231871     , 463818        , 20260    , 19072     , 7883      , 35643
961      , 232051     , 464175        , 20302    , 19094     , 7783      , 35679
962      , 231446     , 462970        , 20326    , 19116     , 7931      , 35716
963      , 235068     , 470217        , 20324    , 19138     , 7917      , 35753
964      , 233353     , 466761        , 20360    , 19160     , 7936      , 35790
965      , 234651     , 469362        , 20376    , 19182     , 7815      , 35827
966      , 236729     , 473522        , 20406    , 19204     , 7839      , 35864
967      , 235091     , 470241        , 20448    , 19226     , 7729      , 35901
968      , 235443     , 470960        , 20458    , 19248     , 7547      , 35939
969      , 237497     , 475069        , 20466    , 19270     , 7886      , 35975
970      , 234596     , 469260        , 20524    , 19292     , 7863      , 36012
971      , 237613     , 475295        , 20540    , 19314     , 7814      , 36049
972      , 237330     , 474730        , 20568    , 19336     , 7903      , 36087
973      , 239282     , 478638        , 20570    , 19358     , 7840      , 36123
974      , 237370     , 474805        , 20622    , 19380     , 7819      , 36161
975      , 238699     , 477458        , 20632    , 19402     , 8033      , 36197
976      , 239611     , 479301        , 20645    , 19424     , 7813      , 36235
977      , 240478     , 481041        , 20697    , 19446     , 7948      , 36271
978      , 240146     , 480353        , 20704    , 19468     , 8003      , 36308
979      , 239366     , 478808        , 20730    , 19490     , 7920      , 36345
980      , 240975     , 482027        , 20755    , 19512     , 8096      , 36382
981      , 240723     , 481532        , 20788    , 19534     , 8094      , 36420
982      , 242483     , 485039        , 20800    , 19556     , 8058      , 36456
983      , 241490     , 483057        , 20846    , 19578     , 7993      , 36493
984      , 243552     , 487176        , 20863    , 19600     , 7942      , 36530
985      , 244258     , 488585        , 20888    , 19622     , 7938      , 36567
986      , 244828     , 489725        , 20902    , 19644     , 8178      , 36604
987      , 243743     , 487562        , 20925    , 19666     , 8005      , 36642
988      , 245087     , 490265        , 20946    , 19688     , 8091      , 36678
989      , 246066     , 492187        , 21000    , 19710     , 7841      , 36715
990      , 246443     , 492961        , 21000    , 19732     , 7997      , 36752
991      , 246681     , 493434        , 21030    , 19754     , 8121      , 36789
992      , 247352     , 494783        , 21058    , 19776     , 7988      , 36826
993      , 245851     , 491779        , 21085    , 19798     , 8176      , 36863
994      , 248465     , 496995        , 21102    , 19820     , 8090      , 36900
995      , 247390     , 494863        , 21133    , 19842     , 7997      , 36937
996      , 248457     , 496994        , 21157    , 19864     , 8094      , 36974
997      , 249759     , 499597        , 21208    , 19886     , 8174      , 37011
998      , 250662     , 501403        , 21202    , 19908     , 8092      , 37048
999      , 252916     , 505898        , 21197    , 19930     , 8073      , 37086
1000     , 248797     , 497665        , 21271    , 19952     , 7961      , 37122
